team_name,season_id,mvp_number
Anderson Packers,21989,0
Anderson Packers,21990,0
Anderson Packers,21991,0
Anderson Packers,21992,0
Anderson Packers,21993,0
Anderson Packers,21994,0
Anderson Packers,21995,0
Anderson Packers,21996,0
Anderson Packers,21997,0
Anderson Packers,21998,0
Anderson Packers,21999,0
Anderson Packers,22000,0
Anderson Packers,22001,0
Anderson Packers,22002,0
Anderson Packers,22003,0
Anderson Packers,22004,0
Anderson Packers,22005,0
Anderson Packers,22006,0
Anderson Packers,22007,0
Anderson Packers,22008,0
Anderson Packers,22009,0
Anderson Packers,22010,0
Anderson Packers,22011,0
Anderson Packers,22012,0
Anderson Packers,22013,0
Anderson Packers,22014,0
Anderson Packers,22015,0
Anderson Packers,22016,0
Anderson Packers,22018,0
Anderson Packers,22019,0
Anderson Packers,22020,0
Anderson Packers,22021,0
Anderson Packers,22022,0
Atlanta Hawks,21989,0
Atlanta Hawks,21990,0
Atlanta Hawks,21991,0
Atlanta Hawks,21992,0
Atlanta Hawks,21993,1
Atlanta Hawks,21994,1
Atlanta Hawks,21995,1
Atlanta Hawks,21996,2
Atlanta Hawks,21997,2
Atlanta Hawks,21998,2
Atlanta Hawks,21999,0
Atlanta Hawks,22000,0
Atlanta Hawks,22001,0
Atlanta Hawks,22002,0
Atlanta Hawks,22003,0
Atlanta Hawks,22004,0
Atlanta Hawks,22005,0
Atlanta Hawks,22006,0
Atlanta Hawks,22007,0
Atlanta Hawks,22008,0
Atlanta Hawks,22009,1
Atlanta Hawks,22010,0
Atlanta Hawks,22011,0
Atlanta Hawks,22012,0
Atlanta Hawks,22013,0
Atlanta Hawks,22014,0
Atlanta Hawks,22015,1
Atlanta Hawks,22016,0
Atlanta Hawks,22018,0
Atlanta Hawks,22019,0
Atlanta Hawks,22020,0
Atlanta Hawks,22021,0
Atlanta Hawks,22022,0
Baltimore Bullets,21989,0
Baltimore Bullets,21990,0
Baltimore Bullets,21991,0
Baltimore Bullets,21992,0
Baltimore Bullets,21993,0
Baltimore Bullets,21994,0
Baltimore Bullets,21995,0
Baltimore Bullets,21996,0
Baltimore Bullets,21997,0
Baltimore Bullets,21998,0
Baltimore Bullets,21999,0
Baltimore Bullets,22000,0
Baltimore Bullets,22001,0
Baltimore Bullets,22002,0
Baltimore Bullets,22003,0
Baltimore Bullets,22004,0
Baltimore Bullets,22005,0
Baltimore Bullets,22006,0
Baltimore Bullets,22007,0
Baltimore Bullets,22008,0
Baltimore Bullets,22009,0
Baltimore Bullets,22010,0
Baltimore Bullets,22011,0
Baltimore Bullets,22012,0
Baltimore Bullets,22013,0
Baltimore Bullets,22014,0
Baltimore Bullets,22015,0
Baltimore Bullets,22016,0
Baltimore Bullets,22018,0
Baltimore Bullets,22019,0
Baltimore Bullets,22020,0
Baltimore Bullets,22021,0
Baltimore Bullets,22022,0
Boston Celtics,21989,1
Boston Celtics,21990,0
Boston Celtics,21991,0
Boston Celtics,21992,0
Boston Celtics,21993,0
Boston Celtics,21994,0
Boston Celtics,21995,0
Boston Celtics,21996,0
Boston Celtics,21997,0
Boston Celtics,21998,0
Boston Celtics,21999,0
Boston Celtics,22000,0
Boston Celtics,22001,0
Boston Celtics,22002,0
Boston Celtics,22003,0
Boston Celtics,22004,0
Boston Celtics,22005,0
Boston Celtics,22006,0
Boston Celtics,22007,1
Boston Celtics,22008,2
Boston Celtics,22009,1
Boston Celtics,22010,2
Boston Celtics,22011,2
Boston Celtics,22012,1
Boston Celtics,22013,0
Boston Celtics,22014,0
Boston Celtics,22015,1
Boston Celtics,22016,0
Boston Celtics,22018,1
Boston Celtics,22019,1
Boston Celtics,22020,0
Boston Celtics,22021,2
Boston Celtics,22022,1
Brooklyn Nets,21989,0
Brooklyn Nets,21990,0
Brooklyn Nets,21991,0
Brooklyn Nets,21992,0
Brooklyn Nets,21993,0
Brooklyn Nets,21994,0
Brooklyn Nets,21995,0
Brooklyn Nets,21996,0
Brooklyn Nets,21997,0
Brooklyn Nets,21998,0
Brooklyn Nets,21999,0
Brooklyn Nets,22000,0
Brooklyn Nets,22001,0
Brooklyn Nets,22002,0
Brooklyn Nets,22003,0
Brooklyn Nets,22004,0
Brooklyn Nets,22005,0
Brooklyn Nets,22006,0
Brooklyn Nets,22007,0
Brooklyn Nets,22008,0
Brooklyn Nets,22009,0
Brooklyn Nets,22010,0
Brooklyn Nets,22011,0
Brooklyn Nets,22012,0
Brooklyn Nets,22013,0
Brooklyn Nets,22014,0
Brooklyn Nets,22015,0
Brooklyn Nets,22016,0
Brooklyn Nets,22018,0
Brooklyn Nets,22019,0
Brooklyn Nets,22020,0
Brooklyn Nets,22021,0
Brooklyn Nets,22022,0
Buffalo Braves,21989,0
Buffalo Braves,21990,0
Buffalo Braves,21991,0
Buffalo Braves,21992,0
Buffalo Braves,21993,0
Buffalo Braves,21994,0
Buffalo Braves,21995,0
Buffalo Braves,21996,0
Buffalo Braves,21997,0
Buffalo Braves,21998,0
Buffalo Braves,21999,0
Buffalo Braves,22000,0
Buffalo Braves,22001,0
Buffalo Braves,22002,0
Buffalo Braves,22003,0
Buffalo Braves,22004,0
Buffalo Braves,22005,0
Buffalo Braves,22006,0
Buffalo Braves,22007,0
Buffalo Braves,22008,0
Buffalo Braves,22009,0
Buffalo Braves,22010,0
Buffalo Braves,22011,0
Buffalo Braves,22012,0
Buffalo Braves,22013,0
Buffalo Braves,22014,0
Buffalo Braves,22015,0
Buffalo Braves,22016,0
Buffalo Braves,22018,0
Buffalo Braves,22019,0
Buffalo Braves,22020,0
Buffalo Braves,22021,0
Buffalo Braves,22022,0
Capital Bullets,21989,0
Capital Bullets,21990,0
Capital Bullets,21991,0
Capital Bullets,21992,0
Capital Bullets,21993,0
Capital Bullets,21994,0
Capital Bullets,21995,0
Capital Bullets,21996,0
Capital Bullets,21997,0
Capital Bullets,21998,0
Capital Bullets,21999,0
Capital Bullets,22000,0
Capital Bullets,22001,0
Capital Bullets,22002,0
Capital Bullets,22003,0
Capital Bullets,22004,0
Capital Bullets,22005,0
Capital Bullets,22006,0
Capital Bullets,22007,0
Capital Bullets,22008,0
Capital Bullets,22009,0
Capital Bullets,22010,0
Capital Bullets,22011,0
Capital Bullets,22012,0
Capital Bullets,22013,0
Capital Bullets,22014,0
Capital Bullets,22015,0
Capital Bullets,22016,0
Capital Bullets,22018,0
Capital Bullets,22019,0
Capital Bullets,22020,0
Capital Bullets,22021,0
Capital Bullets,22022,0
Charlotte Bobcats,21989,0
Charlotte Bobcats,21990,0
Charlotte Bobcats,21991,0
Charlotte Bobcats,21992,0
Charlotte Bobcats,21993,0
Charlotte Bobcats,21994,0
Charlotte Bobcats,21995,0
Charlotte Bobcats,21996,0
Charlotte Bobcats,21997,0
Charlotte Bobcats,21998,0
Charlotte Bobcats,21999,0
Charlotte Bobcats,22000,0
Charlotte Bobcats,22001,0
Charlotte Bobcats,22002,0
Charlotte Bobcats,22003,0
Charlotte Bobcats,22004,0
Charlotte Bobcats,22005,0
Charlotte Bobcats,22006,0
Charlotte Bobcats,22007,0
Charlotte Bobcats,22008,0
Charlotte Bobcats,22009,1
Charlotte Bobcats,22010,0
Charlotte Bobcats,22011,0
Charlotte Bobcats,22012,0
Charlotte Bobcats,22013,0
Charlotte Bobcats,22014,0
Charlotte Bobcats,22015,0
Charlotte Bobcats,22016,0
Charlotte Bobcats,22018,0
Charlotte Bobcats,22019,0
Charlotte Bobcats,22020,0
Charlotte Bobcats,22021,0
Charlotte Bobcats,22022,0
Charlotte Hornets,21989,0
Charlotte Hornets,21990,0
Charlotte Hornets,21991,0
Charlotte Hornets,21992,0
Charlotte Hornets,21993,0
Charlotte Hornets,21994,0
Charlotte Hornets,21995,0
Charlotte Hornets,21996,1
Charlotte Hornets,21997,1
Charlotte Hornets,21998,1
Charlotte Hornets,21999,1
Charlotte Hornets,22000,1
Charlotte Hornets,22001,0
Charlotte Hornets,22002,0
Charlotte Hornets,22003,0
Charlotte Hornets,22004,0
Charlotte Hornets,22005,0
Charlotte Hornets,22006,0
Charlotte Hornets,22007,0
Charlotte Hornets,22008,0
Charlotte Hornets,22009,0
Charlotte Hornets,22010,0
Charlotte Hornets,22011,0
Charlotte Hornets,22012,0
Charlotte Hornets,22013,0
Charlotte Hornets,22014,0
Charlotte Hornets,22015,0
Charlotte Hornets,22016,0
Charlotte Hornets,22018,0
Charlotte Hornets,22019,0
Charlotte Hornets,22020,0
Charlotte Hornets,22021,0
Charlotte Hornets,22022,0
Chicago Bulls,21989,1
Chicago Bulls,21990,2
Chicago Bulls,21991,2
Chicago Bulls,21992,3
Chicago Bulls,21993,2
Chicago Bulls,21994,1
Chicago Bulls,21995,3
Chicago Bulls,21996,2
Chicago Bulls,21997,2
Chicago Bulls,21998,0
Chicago Bulls,21999,0
Chicago Bulls,22000,0
Chicago Bulls,22001,0
Chicago Bulls,22002,0
Chicago Bulls,22003,0
Chicago Bulls,22004,0
Chicago Bulls,22005,0
Chicago Bulls,22006,2
Chicago Bulls,22007,0
Chicago Bulls,22008,0
Chicago Bulls,22009,0
Chicago Bulls,22010,1
Chicago Bulls,22011,1
Chicago Bulls,22012,1
Chicago Bulls,22013,2
Chicago Bulls,22014,1
Chicago Bulls,22015,1
Chicago Bulls,22016,0
Chicago Bulls,22018,0
Chicago Bulls,22019,0
Chicago Bulls,22020,0
Chicago Bulls,22021,0
Chicago Bulls,22022,1
Chicago Packers,21989,0
Chicago Packers,21990,0
Chicago Packers,21991,0
Chicago Packers,21992,0
Chicago Packers,21993,0
Chicago Packers,21994,0
Chicago Packers,21995,0
Chicago Packers,21996,0
Chicago Packers,21997,0
Chicago Packers,21998,0
Chicago Packers,21999,0
Chicago Packers,22000,0
Chicago Packers,22001,0
Chicago Packers,22002,0
Chicago Packers,22003,0
Chicago Packers,22004,0
Chicago Packers,22005,0
Chicago Packers,22006,0
Chicago Packers,22007,0
Chicago Packers,22008,0
Chicago Packers,22009,0
Chicago Packers,22010,0
Chicago Packers,22011,0
Chicago Packers,22012,0
Chicago Packers,22013,0
Chicago Packers,22014,0
Chicago Packers,22015,0
Chicago Packers,22016,0
Chicago Packers,22018,0
Chicago Packers,22019,0
Chicago Packers,22020,0
Chicago Packers,22021,0
Chicago Packers,22022,0
Chicago Stags,21989,0
Chicago Stags,21990,0
Chicago Stags,21991,0
Chicago Stags,21992,0
Chicago Stags,21993,0
Chicago Stags,21994,0
Chicago Stags,21995,0
Chicago Stags,21996,0
Chicago Stags,21997,0
Chicago Stags,21998,0
Chicago Stags,21999,0
Chicago Stags,22000,0
Chicago Stags,22001,0
Chicago Stags,22002,0
Chicago Stags,22003,0
Chicago Stags,22004,0
Chicago Stags,22005,0
Chicago Stags,22006,0
Chicago Stags,22007,0
Chicago Stags,22008,0
Chicago Stags,22009,0
Chicago Stags,22010,0
Chicago Stags,22011,0
Chicago Stags,22012,0
Chicago Stags,22013,0
Chicago Stags,22014,0
Chicago Stags,22015,0
Chicago Stags,22016,0
Chicago Stags,22018,0
Chicago Stags,22019,0
Chicago Stags,22020,0
Chicago Stags,22021,0
Chicago Stags,22022,0
Chicago Zephyrs,21989,0
Chicago Zephyrs,21990,0
Chicago Zephyrs,21991,0
Chicago Zephyrs,21992,0
Chicago Zephyrs,21993,0
Chicago Zephyrs,21994,0
Chicago Zephyrs,21995,0
Chicago Zephyrs,21996,0
Chicago Zephyrs,21997,0
Chicago Zephyrs,21998,0
Chicago Zephyrs,21999,0
Chicago Zephyrs,22000,0
Chicago Zephyrs,22001,0
Chicago Zephyrs,22002,0
Chicago Zephyrs,22003,0
Chicago Zephyrs,22004,0
Chicago Zephyrs,22005,0
Chicago Zephyrs,22006,0
Chicago Zephyrs,22007,0
Chicago Zephyrs,22008,0
Chicago Zephyrs,22009,0
Chicago Zephyrs,22010,0
Chicago Zephyrs,22011,0
Chicago Zephyrs,22012,0
Chicago Zephyrs,22013,0
Chicago Zephyrs,22014,0
Chicago Zephyrs,22015,0
Chicago Zephyrs,22016,0
Chicago Zephyrs,22018,0
Chicago Zephyrs,22019,0
Chicago Zephyrs,22020,0
Chicago Zephyrs,22021,0
Chicago Zephyrs,22022,0
Cincinnati Royals,21989,0
Cincinnati Royals,21990,0
Cincinnati Royals,21991,0
Cincinnati Royals,21992,0
Cincinnati Royals,21993,0
Cincinnati Royals,21994,0
Cincinnati Royals,21995,0
Cincinnati Royals,21996,0
Cincinnati Royals,21997,0
Cincinnati Royals,21998,0
Cincinnati Royals,21999,0
Cincinnati Royals,22000,0
Cincinnati Royals,22001,0
Cincinnati Royals,22002,0
Cincinnati Royals,22003,0
Cincinnati Royals,22004,0
Cincinnati Royals,22005,0
Cincinnati Royals,22006,0
Cincinnati Royals,22007,0
Cincinnati Royals,22008,0
Cincinnati Royals,22009,0
Cincinnati Royals,22010,0
Cincinnati Royals,22011,0
Cincinnati Royals,22012,0
Cincinnati Royals,22013,0
Cincinnati Royals,22014,0
Cincinnati Royals,22015,0
Cincinnati Royals,22016,0
Cincinnati Royals,22018,0
Cincinnati Royals,22019,0
Cincinnati Royals,22020,0
Cincinnati Royals,22021,0
Cincinnati Royals,22022,0
Cleveland Cavaliers,21989,0
Cleveland Cavaliers,21990,0
Cleveland Cavaliers,21991,1
Cleveland Cavaliers,21992,1
Cleveland Cavaliers,21993,0
Cleveland Cavaliers,21994,0
Cleveland Cavaliers,21995,1
Cleveland Cavaliers,21996,0
Cleveland Cavaliers,21997,0
Cleveland Cavaliers,21998,0
Cleveland Cavaliers,21999,0
Cleveland Cavaliers,22000,0
Cleveland Cavaliers,22001,0
Cleveland Cavaliers,22002,0
Cleveland Cavaliers,22003,0
Cleveland Cavaliers,22004,0
Cleveland Cavaliers,22005,0
Cleveland Cavaliers,22006,0
Cleveland Cavaliers,22007,0
Cleveland Cavaliers,22008,1
Cleveland Cavaliers,22009,2
Cleveland Cavaliers,22010,0
Cleveland Cavaliers,22011,0
Cleveland Cavaliers,22012,0
Cleveland Cavaliers,22013,0
Cleveland Cavaliers,22014,0
Cleveland Cavaliers,22015,0
Cleveland Cavaliers,22016,0
Cleveland Cavaliers,22018,0
Cleveland Cavaliers,22019,0
Cleveland Cavaliers,22020,0
Cleveland Cavaliers,22021,0
Cleveland Cavaliers,22022,1
Cleveland Rebels,21989,0
Cleveland Rebels,21990,0
Cleveland Rebels,21991,0
Cleveland Rebels,21992,0
Cleveland Rebels,21993,0
Cleveland Rebels,21994,0
Cleveland Rebels,21995,0
Cleveland Rebels,21996,0
Cleveland Rebels,21997,0
Cleveland Rebels,21998,0
Cleveland Rebels,21999,0
Cleveland Rebels,22000,0
Cleveland Rebels,22001,0
Cleveland Rebels,22002,0
Cleveland Rebels,22003,0
Cleveland Rebels,22004,0
Cleveland Rebels,22005,0
Cleveland Rebels,22006,0
Cleveland Rebels,22007,0
Cleveland Rebels,22008,0
Cleveland Rebels,22009,0
Cleveland Rebels,22010,0
Cleveland Rebels,22011,0
Cleveland Rebels,22012,0
Cleveland Rebels,22013,0
Cleveland Rebels,22014,0
Cleveland Rebels,22015,0
Cleveland Rebels,22016,0
Cleveland Rebels,22018,0
Cleveland Rebels,22019,0
Cleveland Rebels,22020,0
Cleveland Rebels,22021,0
Cleveland Rebels,22022,0
Dallas Mavericks,21989,1
Dallas Mavericks,21990,0
Dallas Mavericks,21991,0
Dallas Mavericks,21992,0
Dallas Mavericks,21993,0
Dallas Mavericks,21994,0
Dallas Mavericks,21995,0
Dallas Mavericks,21996,0
Dallas Mavericks,21997,0
Dallas Mavericks,21998,0
Dallas Mavericks,21999,0
Dallas Mavericks,22000,0
Dallas Mavericks,22001,0
Dallas Mavericks,22002,0
Dallas Mavericks,22003,0
Dallas Mavericks,22004,0
Dallas Mavericks,22005,0
Dallas Mavericks,22006,0
Dallas Mavericks,22007,0
Dallas Mavericks,22008,0
Dallas Mavericks,22009,0
Dallas Mavericks,22010,1
Dallas Mavericks,22011,0
Dallas Mavericks,22012,0
Dallas Mavericks,22013,0
Dallas Mavericks,22014,0
Dallas Mavericks,22015,0
Dallas Mavericks,22016,0
Dallas Mavericks,22018,0
Dallas Mavericks,22019,0
Dallas Mavericks,22020,0
Dallas Mavericks,22021,0
Dallas Mavericks,22022,0
Denver Nuggets,21989,0
Denver Nuggets,21990,0
Denver Nuggets,21991,0
Denver Nuggets,21992,0
Denver Nuggets,21993,0
Denver Nuggets,21994,1
Denver Nuggets,21995,0
Denver Nuggets,21996,0
Denver Nuggets,21997,0
Denver Nuggets,21998,0
Denver Nuggets,21999,0
Denver Nuggets,22000,0
Denver Nuggets,22001,0
Denver Nuggets,22002,0
Denver Nuggets,22003,0
Denver Nuggets,22004,1
Denver Nuggets,22005,1
Denver Nuggets,22006,1
Denver Nuggets,22007,1
Denver Nuggets,22008,0
Denver Nuggets,22009,0
Denver Nuggets,22010,0
Denver Nuggets,22011,0
Denver Nuggets,22012,0
Denver Nuggets,22013,0
Denver Nuggets,22014,0
Denver Nuggets,22015,0
Denver Nuggets,22016,0
Denver Nuggets,22018,0
Denver Nuggets,22019,0
Denver Nuggets,22020,0
Denver Nuggets,22021,0
Denver Nuggets,22022,0
Detroit Falcons,21989,0
Detroit Falcons,21990,0
Detroit Falcons,21991,0
Detroit Falcons,21992,0
Detroit Falcons,21993,0
Detroit Falcons,21994,0
Detroit Falcons,21995,0
Detroit Falcons,21996,0
Detroit Falcons,21997,0
Detroit Falcons,21998,0
Detroit Falcons,21999,0
Detroit Falcons,22000,0
Detroit Falcons,22001,0
Detroit Falcons,22002,0
Detroit Falcons,22003,0
Detroit Falcons,22004,0
Detroit Falcons,22005,0
Detroit Falcons,22006,0
Detroit Falcons,22007,0
Detroit Falcons,22008,0
Detroit Falcons,22009,0
Detroit Falcons,22010,0
Detroit Falcons,22011,0
Detroit Falcons,22012,0
Detroit Falcons,22013,0
Detroit Falcons,22014,0
Detroit Falcons,22015,0
Detroit Falcons,22016,0
Detroit Falcons,22018,0
Detroit Falcons,22019,0
Detroit Falcons,22020,0
Detroit Falcons,22021,0
Detroit Falcons,22022,0
Detroit Pistons,21989,2
Detroit Pistons,21990,2
Detroit Pistons,21991,2
Detroit Pistons,21992,2
Detroit Pistons,21993,0
Detroit Pistons,21994,0
Detroit Pistons,21995,0
Detroit Pistons,21996,0
Detroit Pistons,21997,0
Detroit Pistons,21998,0
Detroit Pistons,21999,0
Detroit Pistons,22000,0
Detroit Pistons,22001,2
Detroit Pistons,22002,1
Detroit Pistons,22003,1
Detroit Pistons,22004,3
Detroit Pistons,22005,3
Detroit Pistons,22006,1
Detroit Pistons,22007,1
Detroit Pistons,22008,0
Detroit Pistons,22009,0
Detroit Pistons,22010,0
Detroit Pistons,22011,0
Detroit Pistons,22012,0
Detroit Pistons,22013,0
Detroit Pistons,22014,0
Detroit Pistons,22015,0
Detroit Pistons,22016,0
Detroit Pistons,22018,0
Detroit Pistons,22019,0
Detroit Pistons,22020,0
Detroit Pistons,22021,0
Detroit Pistons,22022,0
Ft. Wayne Zollner Pistons,21989,0
Ft. Wayne Zollner Pistons,21990,0
Ft. Wayne Zollner Pistons,21991,0
Ft. Wayne Zollner Pistons,21992,0
Ft. Wayne Zollner Pistons,21993,0
Ft. Wayne Zollner Pistons,21994,0
Ft. Wayne Zollner Pistons,21995,0
Ft. Wayne Zollner Pistons,21996,0
Ft. Wayne Zollner Pistons,21997,0
Ft. Wayne Zollner Pistons,21998,0
Ft. Wayne Zollner Pistons,21999,0
Ft. Wayne Zollner Pistons,22000,0
Ft. Wayne Zollner Pistons,22001,0
Ft. Wayne Zollner Pistons,22002,0
Ft. Wayne Zollner Pistons,22003,0
Ft. Wayne Zollner Pistons,22004,0
Ft. Wayne Zollner Pistons,22005,0
Ft. Wayne Zollner Pistons,22006,0
Ft. Wayne Zollner Pistons,22007,0
Ft. Wayne Zollner Pistons,22008,0
Ft. Wayne Zollner Pistons,22009,0
Ft. Wayne Zollner Pistons,22010,0
Ft. Wayne Zollner Pistons,22011,0
Ft. Wayne Zollner Pistons,22012,0
Ft. Wayne Zollner Pistons,22013,0
Ft. Wayne Zollner Pistons,22014,0
Ft. Wayne Zollner Pistons,22015,0
Ft. Wayne Zollner Pistons,22016,0
Ft. Wayne Zollner Pistons,22018,0
Ft. Wayne Zollner Pistons,22019,0
Ft. Wayne Zollner Pistons,22020,0
Ft. Wayne Zollner Pistons,22021,0
Ft. Wayne Zollner Pistons,22022,0
Golden State Warriors,21989,0
Golden State Warriors,21990,0
Golden State Warriors,21991,0
Golden State Warriors,21992,0
Golden State Warriors,21993,1
Golden State Warriors,21994,0
Golden State Warriors,21995,0
Golden State Warriors,21996,0
Golden State Warriors,21997,0
Golden State Warriors,21998,0
Golden State Warriors,21999,0
Golden State Warriors,22000,0
Golden State Warriors,22001,0
Golden State Warriors,22002,0
Golden State Warriors,22003,0
Golden State Warriors,22004,0
Golden State Warriors,22005,0
Golden State Warriors,22006,0
Golden State Warriors,22007,0
Golden State Warriors,22008,0
Golden State Warriors,22009,0
Golden State Warriors,22010,0
Golden State Warriors,22011,0
Golden State Warriors,22012,0
Golden State Warriors,22013,1
Golden State Warriors,22014,2
Golden State Warriors,22015,1
Golden State Warriors,22016,1
Golden State Warriors,22018,2
Golden State Warriors,22019,0
Golden State Warriors,22020,1
Golden State Warriors,22021,1
Golden State Warriors,22022,1
Houston Rockets,21989,1
Houston Rockets,21990,1
Houston Rockets,21991,0
Houston Rockets,21992,1
Houston Rockets,21993,1
Houston Rockets,21994,0
Houston Rockets,21995,1
Houston Rockets,21996,1
Houston Rockets,21997,0
Houston Rockets,21998,1
Houston Rockets,21999,0
Houston Rockets,22000,0
Houston Rockets,22001,0
Houston Rockets,22002,0
Houston Rockets,22003,0
Houston Rockets,22004,0
Houston Rockets,22005,0
Houston Rockets,22006,0
Houston Rockets,22007,1
Houston Rockets,22008,2
Houston Rockets,22009,0
Houston Rockets,22010,0
Houston Rockets,22011,0
Houston Rockets,22012,0
Houston Rockets,22013,1
Houston Rockets,22014,0
Houston Rockets,22015,0
Houston Rockets,22016,1
Houston Rockets,22018,0
Houston Rockets,22019,0
Houston Rockets,22020,0
Houston Rockets,22021,0
Houston Rockets,22022,0
Indiana Pacers,21989,0
Indiana Pacers,21990,0
Indiana Pacers,21991,1
Indiana Pacers,21992,0
Indiana Pacers,21993,0
Indiana Pacers,21994,1
Indiana Pacers,21995,1
Indiana Pacers,21996,0
Indiana Pacers,21997,0
Indiana Pacers,21998,0
Indiana Pacers,21999,0
Indiana Pacers,22000,0
Indiana Pacers,22001,0
Indiana Pacers,22002,1
Indiana Pacers,22003,1
Indiana Pacers,22004,0
Indiana Pacers,22005,0
Indiana Pacers,22006,0
Indiana Pacers,22007,0
Indiana Pacers,22008,0
Indiana Pacers,22009,0
Indiana Pacers,22010,0
Indiana Pacers,22011,0
Indiana Pacers,22012,1
Indiana Pacers,22013,2
Indiana Pacers,22014,0
Indiana Pacers,22015,1
Indiana Pacers,22016,0
Indiana Pacers,22018,0
Indiana Pacers,22019,0
Indiana Pacers,22020,0
Indiana Pacers,22021,0
Indiana Pacers,22022,0
Indianapolis Jets,21989,0
Indianapolis Jets,21990,0
Indianapolis Jets,21991,0
Indianapolis Jets,21992,0
Indianapolis Jets,21993,0
Indianapolis Jets,21994,0
Indianapolis Jets,21995,0
Indianapolis Jets,21996,0
Indianapolis Jets,21997,0
Indianapolis Jets,21998,0
Indianapolis Jets,21999,0
Indianapolis Jets,22000,0
Indianapolis Jets,22001,0
Indianapolis Jets,22002,0
Indianapolis Jets,22003,0
Indianapolis Jets,22004,0
Indianapolis Jets,22005,0
Indianapolis Jets,22006,0
Indianapolis Jets,22007,0
Indianapolis Jets,22008,0
Indianapolis Jets,22009,0
Indianapolis Jets,22010,0
Indianapolis Jets,22011,0
Indianapolis Jets,22012,0
Indianapolis Jets,22013,0
Indianapolis Jets,22014,0
Indianapolis Jets,22015,0
Indianapolis Jets,22016,0
Indianapolis Jets,22018,0
Indianapolis Jets,22019,0
Indianapolis Jets,22020,0
Indianapolis Jets,22021,0
Indianapolis Jets,22022,0
Indianapolis Olympians,21989,0
Indianapolis Olympians,21990,0
Indianapolis Olympians,21991,0
Indianapolis Olympians,21992,0
Indianapolis Olympians,21993,0
Indianapolis Olympians,21994,0
Indianapolis Olympians,21995,0
Indianapolis Olympians,21996,0
Indianapolis Olympians,21997,0
Indianapolis Olympians,21998,0
Indianapolis Olympians,21999,0
Indianapolis Olympians,22000,0
Indianapolis Olympians,22001,0
Indianapolis Olympians,22002,0
Indianapolis Olympians,22003,0
Indianapolis Olympians,22004,0
Indianapolis Olympians,22005,0
Indianapolis Olympians,22006,0
Indianapolis Olympians,22007,0
Indianapolis Olympians,22008,0
Indianapolis Olympians,22009,0
Indianapolis Olympians,22010,0
Indianapolis Olympians,22011,0
Indianapolis Olympians,22012,0
Indianapolis Olympians,22013,0
Indianapolis Olympians,22014,0
Indianapolis Olympians,22015,0
Indianapolis Olympians,22016,0
Indianapolis Olympians,22018,0
Indianapolis Olympians,22019,0
Indianapolis Olympians,22020,0
Indianapolis Olympians,22021,0
Indianapolis Olympians,22022,0
Kansas City Kings,21989,0
Kansas City Kings,21990,0
Kansas City Kings,21991,0
Kansas City Kings,21992,0
Kansas City Kings,21993,0
Kansas City Kings,21994,0
Kansas City Kings,21995,0
Kansas City Kings,21996,0
Kansas City Kings,21997,0
Kansas City Kings,21998,0
Kansas City Kings,21999,0
Kansas City Kings,22000,0
Kansas City Kings,22001,0
Kansas City Kings,22002,0
Kansas City Kings,22003,0
Kansas City Kings,22004,0
Kansas City Kings,22005,0
Kansas City Kings,22006,0
Kansas City Kings,22007,0
Kansas City Kings,22008,0
Kansas City Kings,22009,0
Kansas City Kings,22010,0
Kansas City Kings,22011,0
Kansas City Kings,22012,0
Kansas City Kings,22013,0
Kansas City Kings,22014,0
Kansas City Kings,22015,0
Kansas City Kings,22016,0
Kansas City Kings,22018,0
Kansas City Kings,22019,0
Kansas City Kings,22020,0
Kansas City Kings,22021,0
Kansas City Kings,22022,0
Kansas City-Omaha Kings,21989,0
Kansas City-Omaha Kings,21990,0
Kansas City-Omaha Kings,21991,0
Kansas City-Omaha Kings,21992,0
Kansas City-Omaha Kings,21993,0
Kansas City-Omaha Kings,21994,0
Kansas City-Omaha Kings,21995,0
Kansas City-Omaha Kings,21996,0
Kansas City-Omaha Kings,21997,0
Kansas City-Omaha Kings,21998,0
Kansas City-Omaha Kings,21999,0
Kansas City-Omaha Kings,22000,0
Kansas City-Omaha Kings,22001,0
Kansas City-Omaha Kings,22002,0
Kansas City-Omaha Kings,22003,0
Kansas City-Omaha Kings,22004,0
Kansas City-Omaha Kings,22005,0
Kansas City-Omaha Kings,22006,0
Kansas City-Omaha Kings,22007,0
Kansas City-Omaha Kings,22008,0
Kansas City-Omaha Kings,22009,0
Kansas City-Omaha Kings,22010,0
Kansas City-Omaha Kings,22011,0
Kansas City-Omaha Kings,22012,0
Kansas City-Omaha Kings,22013,0
Kansas City-Omaha Kings,22014,0
Kansas City-Omaha Kings,22015,0
Kansas City-Omaha Kings,22016,0
Kansas City-Omaha Kings,22018,0
Kansas City-Omaha Kings,22019,0
Kansas City-Omaha Kings,22020,0
Kansas City-Omaha Kings,22021,0
Kansas City-Omaha Kings,22022,0
LA Clippers,21989,0
LA Clippers,21990,0
LA Clippers,21991,0
LA Clippers,21992,0
LA Clippers,21993,0
LA Clippers,21994,0
LA Clippers,21995,0
LA Clippers,21996,0
LA Clippers,21997,0
LA Clippers,21998,0
LA Clippers,21999,0
LA Clippers,22000,0
LA Clippers,22001,0
LA Clippers,22002,0
LA Clippers,22003,0
LA Clippers,22004,0
LA Clippers,22005,0
LA Clippers,22006,0
LA Clippers,22007,0
LA Clippers,22008,0
LA Clippers,22009,0
LA Clippers,22010,0
LA Clippers,22011,1
LA Clippers,22012,1
LA Clippers,22013,0
LA Clippers,22014,0
LA Clippers,22015,0
LA Clippers,22016,0
LA Clippers,22018,0
LA Clippers,22019,2
LA Clippers,22020,1
LA Clippers,22021,0
LA Clippers,22022,0
Los Angeles Clippers,21989,0
Los Angeles Clippers,21990,0
Los Angeles Clippers,21991,0
Los Angeles Clippers,21992,0
Los Angeles Clippers,21993,0
Los Angeles Clippers,21994,0
Los Angeles Clippers,21995,0
Los Angeles Clippers,21996,0
Los Angeles Clippers,21997,0
Los Angeles Clippers,21998,0
Los Angeles Clippers,21999,0
Los Angeles Clippers,22000,0
Los Angeles Clippers,22001,0
Los Angeles Clippers,22002,0
Los Angeles Clippers,22003,0
Los Angeles Clippers,22004,0
Los Angeles Clippers,22005,0
Los Angeles Clippers,22006,0
Los Angeles Clippers,22007,0
Los Angeles Clippers,22008,0
Los Angeles Clippers,22009,0
Los Angeles Clippers,22010,0
Los Angeles Clippers,22011,0
Los Angeles Clippers,22012,0
Los Angeles Clippers,22013,1
Los Angeles Clippers,22014,2
Los Angeles Clippers,22015,2
Los Angeles Clippers,22016,1
Los Angeles Clippers,22018,0
Los Angeles Clippers,22019,0
Los Angeles Clippers,22020,0
Los Angeles Clippers,22021,0
Los Angeles Clippers,22022,0
Los Angeles Lakers,21989,0
Los Angeles Lakers,21990,0
Los Angeles Lakers,21991,0
Los Angeles Lakers,21992,0
Los Angeles Lakers,21993,0
Los Angeles Lakers,21994,0
Los Angeles Lakers,21995,0
Los Angeles Lakers,21996,0
Los Angeles Lakers,21997,0
Los Angeles Lakers,21998,1
Los Angeles Lakers,21999,2
Los Angeles Lakers,22000,2
Los Angeles Lakers,22001,1
Los Angeles Lakers,22002,2
Los Angeles Lakers,22003,1
Los Angeles Lakers,22004,0
Los Angeles Lakers,22005,1
Los Angeles Lakers,22006,1
Los Angeles Lakers,22007,1
Los Angeles Lakers,22008,1
Los Angeles Lakers,22009,1
Los Angeles Lakers,22010,1
Los Angeles Lakers,22011,1
Los Angeles Lakers,22012,0
Los Angeles Lakers,22013,0
Los Angeles Lakers,22014,0
Los Angeles Lakers,22015,0
Los Angeles Lakers,22016,0
Los Angeles Lakers,22018,0
Los Angeles Lakers,22019,1
Los Angeles Lakers,22020,0
Los Angeles Lakers,22021,0
Los Angeles Lakers,22022,0
Memphis Grizzlies,21989,0
Memphis Grizzlies,21990,0
Memphis Grizzlies,21991,0
Memphis Grizzlies,21992,0
Memphis Grizzlies,21993,0
Memphis Grizzlies,21994,0
Memphis Grizzlies,21995,0
Memphis Grizzlies,21996,0
Memphis Grizzlies,21997,0
Memphis Grizzlies,21998,0
Memphis Grizzlies,21999,0
Memphis Grizzlies,22000,0
Memphis Grizzlies,22001,0
Memphis Grizzlies,22002,0
Memphis Grizzlies,22003,0
Memphis Grizzlies,22004,0
Memphis Grizzlies,22005,0
Memphis Grizzlies,22006,0
Memphis Grizzlies,22007,0
Memphis Grizzlies,22008,0
Memphis Grizzlies,22009,0
Memphis Grizzlies,22010,0
Memphis Grizzlies,22011,0
Memphis Grizzlies,22012,3
Memphis Grizzlies,22013,0
Memphis Grizzlies,22014,1
Memphis Grizzlies,22015,1
Memphis Grizzlies,22016,1
Memphis Grizzlies,22018,0
Memphis Grizzlies,22019,0
Memphis Grizzlies,22020,0
Memphis Grizzlies,22021,1
Memphis Grizzlies,22022,2
Miami Heat,21989,0
Miami Heat,21990,0
Miami Heat,21991,0
Miami Heat,21992,0
Miami Heat,21993,0
Miami Heat,21994,0
Miami Heat,21995,0
Miami Heat,21996,1
Miami Heat,21997,0
Miami Heat,21998,2
Miami Heat,21999,1
Miami Heat,22000,1
Miami Heat,22001,0
Miami Heat,22002,0
Miami Heat,22003,0
Miami Heat,22004,1
Miami Heat,22005,0
Miami Heat,22006,0
Miami Heat,22007,0
Miami Heat,22008,1
Miami Heat,22009,1
Miami Heat,22010,1
Miami Heat,22011,1
Miami Heat,22012,1
Miami Heat,22013,1
Miami Heat,22014,0
Miami Heat,22015,1
Miami Heat,22016,0
Miami Heat,22018,0
Miami Heat,22019,1
Miami Heat,22020,2
Miami Heat,22021,1
Miami Heat,22022,1
Milwaukee Bucks,21989,1
Milwaukee Bucks,21990,1
Milwaukee Bucks,21991,0
Milwaukee Bucks,21992,0
Milwaukee Bucks,21993,0
Milwaukee Bucks,21994,0
Milwaukee Bucks,21995,0
Milwaukee Bucks,21996,0
Milwaukee Bucks,21997,0
Milwaukee Bucks,21998,0
Milwaukee Bucks,21999,0
Milwaukee Bucks,22000,0
Milwaukee Bucks,22001,0
Milwaukee Bucks,22002,0
Milwaukee Bucks,22003,0
Milwaukee Bucks,22004,0
Milwaukee Bucks,22005,0
Milwaukee Bucks,22006,0
Milwaukee Bucks,22007,0
Milwaukee Bucks,22008,0
Milwaukee Bucks,22009,0
Milwaukee Bucks,22010,0
Milwaukee Bucks,22011,0
Milwaukee Bucks,22012,0
Milwaukee Bucks,22013,0
Milwaukee Bucks,22014,0
Milwaukee Bucks,22015,0
Milwaukee Bucks,22016,1
Milwaukee Bucks,22018,2
Milwaukee Bucks,22019,3
Milwaukee Bucks,22020,2
Milwaukee Bucks,22021,2
Milwaukee Bucks,22022,2
Milwaukee Hawks,21989,0
Milwaukee Hawks,21990,0
Milwaukee Hawks,21991,0
Milwaukee Hawks,21992,0
Milwaukee Hawks,21993,0
Milwaukee Hawks,21994,0
Milwaukee Hawks,21995,0
Milwaukee Hawks,21996,0
Milwaukee Hawks,21997,0
Milwaukee Hawks,21998,0
Milwaukee Hawks,21999,0
Milwaukee Hawks,22000,0
Milwaukee Hawks,22001,0
Milwaukee Hawks,22002,0
Milwaukee Hawks,22003,0
Milwaukee Hawks,22004,0
Milwaukee Hawks,22005,0
Milwaukee Hawks,22006,0
Milwaukee Hawks,22007,0
Milwaukee Hawks,22008,0
Milwaukee Hawks,22009,0
Milwaukee Hawks,22010,0
Milwaukee Hawks,22011,0
Milwaukee Hawks,22012,0
Milwaukee Hawks,22013,0
Milwaukee Hawks,22014,0
Milwaukee Hawks,22015,0
Milwaukee Hawks,22016,0
Milwaukee Hawks,22018,0
Milwaukee Hawks,22019,0
Milwaukee Hawks,22020,0
Milwaukee Hawks,22021,0
Milwaukee Hawks,22022,0
Minneapolis Lakers,21989,0
Minneapolis Lakers,21990,0
Minneapolis Lakers,21991,0
Minneapolis Lakers,21992,0
Minneapolis Lakers,21993,0
Minneapolis Lakers,21994,0
Minneapolis Lakers,21995,0
Minneapolis Lakers,21996,0
Minneapolis Lakers,21997,0
Minneapolis Lakers,21998,0
Minneapolis Lakers,21999,0
Minneapolis Lakers,22000,0
Minneapolis Lakers,22001,0
Minneapolis Lakers,22002,0
Minneapolis Lakers,22003,0
Minneapolis Lakers,22004,0
Minneapolis Lakers,22005,0
Minneapolis Lakers,22006,0
Minneapolis Lakers,22007,0
Minneapolis Lakers,22008,0
Minneapolis Lakers,22009,0
Minneapolis Lakers,22010,0
Minneapolis Lakers,22011,0
Minneapolis Lakers,22012,0
Minneapolis Lakers,22013,0
Minneapolis Lakers,22014,0
Minneapolis Lakers,22015,0
Minneapolis Lakers,22016,0
Minneapolis Lakers,22018,0
Minneapolis Lakers,22019,0
Minneapolis Lakers,22020,0
Minneapolis Lakers,22021,0
Minneapolis Lakers,22022,0
Minnesota Timberwolves,21989,0
Minnesota Timberwolves,21990,0
Minnesota Timberwolves,21991,0
Minnesota Timberwolves,21992,0
Minnesota Timberwolves,21993,0
Minnesota Timberwolves,21994,0
Minnesota Timberwolves,21995,0
Minnesota Timberwolves,21996,0
Minnesota Timberwolves,21997,0
Minnesota Timberwolves,21998,0
Minnesota Timberwolves,21999,1
Minnesota Timberwolves,22000,1
Minnesota Timberwolves,22001,1
Minnesota Timberwolves,22002,1
Minnesota Timberwolves,22003,1
Minnesota Timberwolves,22004,1
Minnesota Timberwolves,22005,1
Minnesota Timberwolves,22006,1
Minnesota Timberwolves,22007,0
Minnesota Timberwolves,22008,0
Minnesota Timberwolves,22009,0
Minnesota Timberwolves,22010,0
Minnesota Timberwolves,22011,0
Minnesota Timberwolves,22012,0
Minnesota Timberwolves,22013,0
Minnesota Timberwolves,22014,0
Minnesota Timberwolves,22015,0
Minnesota Timberwolves,22016,0
Minnesota Timberwolves,22018,0
Minnesota Timberwolves,22019,0
Minnesota Timberwolves,22020,0
Minnesota Timberwolves,22021,0
Minnesota Timberwolves,22022,0
New Jersey Nets,21989,0
New Jersey Nets,21990,0
New Jersey Nets,21991,0
New Jersey Nets,21992,0
New Jersey Nets,21993,0
New Jersey Nets,21994,0
New Jersey Nets,21995,0
New Jersey Nets,21996,0
New Jersey Nets,21997,0
New Jersey Nets,21998,0
New Jersey Nets,21999,0
New Jersey Nets,22000,0
New Jersey Nets,22001,1
New Jersey Nets,22002,1
New Jersey Nets,22003,1
New Jersey Nets,22004,1
New Jersey Nets,22005,1
New Jersey Nets,22006,1
New Jersey Nets,22007,0
New Jersey Nets,22008,0
New Jersey Nets,22009,0
New Jersey Nets,22010,0
New Jersey Nets,22011,0
New Jersey Nets,22012,0
New Jersey Nets,22013,0
New Jersey Nets,22014,0
New Jersey Nets,22015,0
New Jersey Nets,22016,0
New Jersey Nets,22018,0
New Jersey Nets,22019,0
New Jersey Nets,22020,0
New Jersey Nets,22021,0
New Jersey Nets,22022,0
New Orleans Hornets,21989,0
New Orleans Hornets,21990,0
New Orleans Hornets,21991,0
New Orleans Hornets,21992,0
New Orleans Hornets,21993,0
New Orleans Hornets,21994,0
New Orleans Hornets,21995,0
New Orleans Hornets,21996,0
New Orleans Hornets,21997,0
New Orleans Hornets,21998,0
New Orleans Hornets,21999,0
New Orleans Hornets,22000,0
New Orleans Hornets,22001,0
New Orleans Hornets,22002,0
New Orleans Hornets,22003,0
New Orleans Hornets,22004,0
New Orleans Hornets,22005,0
New Orleans Hornets,22006,0
New Orleans Hornets,22007,1
New Orleans Hornets,22008,1
New Orleans Hornets,22009,0
New Orleans Hornets,22010,1
New Orleans Hornets,22011,0
New Orleans Hornets,22012,0
New Orleans Hornets,22013,0
New Orleans Hornets,22014,0
New Orleans Hornets,22015,0
New Orleans Hornets,22016,0
New Orleans Hornets,22018,0
New Orleans Hornets,22019,0
New Orleans Hornets,22020,0
New Orleans Hornets,22021,0
New Orleans Hornets,22022,0
New Orleans Jazz,21989,0
New Orleans Jazz,21990,0
New Orleans Jazz,21991,0
New Orleans Jazz,21992,0
New Orleans Jazz,21993,0
New Orleans Jazz,21994,0
New Orleans Jazz,21995,0
New Orleans Jazz,21996,0
New Orleans Jazz,21997,0
New Orleans Jazz,21998,0
New Orleans Jazz,21999,0
New Orleans Jazz,22000,0
New Orleans Jazz,22001,0
New Orleans Jazz,22002,0
New Orleans Jazz,22003,0
New Orleans Jazz,22004,0
New Orleans Jazz,22005,0
New Orleans Jazz,22006,0
New Orleans Jazz,22007,0
New Orleans Jazz,22008,0
New Orleans Jazz,22009,0
New Orleans Jazz,22010,0
New Orleans Jazz,22011,0
New Orleans Jazz,22012,0
New Orleans Jazz,22013,0
New Orleans Jazz,22014,0
New Orleans Jazz,22015,0
New Orleans Jazz,22016,0
New Orleans Jazz,22018,0
New Orleans Jazz,22019,0
New Orleans Jazz,22020,0
New Orleans Jazz,22021,0
New Orleans Jazz,22022,0
New Orleans Pelicans,21989,0
New Orleans Pelicans,21990,0
New Orleans Pelicans,21991,0
New Orleans Pelicans,21992,0
New Orleans Pelicans,21993,0
New Orleans Pelicans,21994,0
New Orleans Pelicans,21995,0
New Orleans Pelicans,21996,0
New Orleans Pelicans,21997,0
New Orleans Pelicans,21998,0
New Orleans Pelicans,21999,0
New Orleans Pelicans,22000,0
New Orleans Pelicans,22001,0
New Orleans Pelicans,22002,0
New Orleans Pelicans,22003,0
New Orleans Pelicans,22004,0
New Orleans Pelicans,22005,0
New Orleans Pelicans,22006,0
New Orleans Pelicans,22007,0
New Orleans Pelicans,22008,0
New Orleans Pelicans,22009,0
New Orleans Pelicans,22010,0
New Orleans Pelicans,22011,0
New Orleans Pelicans,22012,0
New Orleans Pelicans,22013,0
New Orleans Pelicans,22014,1
New Orleans Pelicans,22015,0
New Orleans Pelicans,22016,1
New Orleans Pelicans,22018,1
New Orleans Pelicans,22019,0
New Orleans Pelicans,22020,0
New Orleans Pelicans,22021,0
New Orleans Pelicans,22022,0
New Orleans/Oklahoma City Hornets,21989,0
New Orleans/Oklahoma City Hornets,21990,0
New Orleans/Oklahoma City Hornets,21991,0
New Orleans/Oklahoma City Hornets,21992,0
New Orleans/Oklahoma City Hornets,21993,0
New Orleans/Oklahoma City Hornets,21994,0
New Orleans/Oklahoma City Hornets,21995,0
New Orleans/Oklahoma City Hornets,21996,0
New Orleans/Oklahoma City Hornets,21997,0
New Orleans/Oklahoma City Hornets,21998,0
New Orleans/Oklahoma City Hornets,21999,0
New Orleans/Oklahoma City Hornets,22000,0
New Orleans/Oklahoma City Hornets,22001,0
New Orleans/Oklahoma City Hornets,22002,0
New Orleans/Oklahoma City Hornets,22003,0
New Orleans/Oklahoma City Hornets,22004,0
New Orleans/Oklahoma City Hornets,22005,0
New Orleans/Oklahoma City Hornets,22006,0
New Orleans/Oklahoma City Hornets,22007,0
New Orleans/Oklahoma City Hornets,22008,0
New Orleans/Oklahoma City Hornets,22009,0
New Orleans/Oklahoma City Hornets,22010,0
New Orleans/Oklahoma City Hornets,22011,0
New Orleans/Oklahoma City Hornets,22012,0
New Orleans/Oklahoma City Hornets,22013,0
New Orleans/Oklahoma City Hornets,22014,0
New Orleans/Oklahoma City Hornets,22015,0
New Orleans/Oklahoma City Hornets,22016,0
New Orleans/Oklahoma City Hornets,22018,0
New Orleans/Oklahoma City Hornets,22019,0
New Orleans/Oklahoma City Hornets,22020,0
New Orleans/Oklahoma City Hornets,22021,0
New Orleans/Oklahoma City Hornets,22022,0
New York Knicks,21989,0
New York Knicks,21990,0
New York Knicks,21991,1
New York Knicks,21992,1
New York Knicks,21993,1
New York Knicks,21994,0
New York Knicks,21995,0
New York Knicks,21996,0
New York Knicks,21997,1
New York Knicks,21998,0
New York Knicks,21999,0
New York Knicks,22000,0
New York Knicks,22001,0
New York Knicks,22002,0
New York Knicks,22003,0
New York Knicks,22004,0
New York Knicks,22005,0
New York Knicks,22006,0
New York Knicks,22007,0
New York Knicks,22008,0
New York Knicks,22009,0
New York Knicks,22010,0
New York Knicks,22011,1
New York Knicks,22012,1
New York Knicks,22013,0
New York Knicks,22014,0
New York Knicks,22015,0
New York Knicks,22016,0
New York Knicks,22018,0
New York Knicks,22019,0
New York Knicks,22020,0
New York Knicks,22021,0
New York Knicks,22022,0
New York Nets,21989,0
New York Nets,21990,0
New York Nets,21991,0
New York Nets,21992,0
New York Nets,21993,0
New York Nets,21994,0
New York Nets,21995,0
New York Nets,21996,0
New York Nets,21997,0
New York Nets,21998,0
New York Nets,21999,0
New York Nets,22000,0
New York Nets,22001,0
New York Nets,22002,0
New York Nets,22003,0
New York Nets,22004,0
New York Nets,22005,0
New York Nets,22006,0
New York Nets,22007,0
New York Nets,22008,0
New York Nets,22009,0
New York Nets,22010,0
New York Nets,22011,0
New York Nets,22012,0
New York Nets,22013,0
New York Nets,22014,0
New York Nets,22015,0
New York Nets,22016,0
New York Nets,22018,0
New York Nets,22019,0
New York Nets,22020,0
New York Nets,22021,0
New York Nets,22022,0
Oklahoma City Thunder,21989,0
Oklahoma City Thunder,21990,0
Oklahoma City Thunder,21991,0
Oklahoma City Thunder,21992,0
Oklahoma City Thunder,21993,0
Oklahoma City Thunder,21994,0
Oklahoma City Thunder,21995,0
Oklahoma City Thunder,21996,0
Oklahoma City Thunder,21997,0
Oklahoma City Thunder,21998,0
Oklahoma City Thunder,21999,0
Oklahoma City Thunder,22000,0
Oklahoma City Thunder,22001,0
Oklahoma City Thunder,22002,0
Oklahoma City Thunder,22003,0
Oklahoma City Thunder,22004,0
Oklahoma City Thunder,22005,0
Oklahoma City Thunder,22006,0
Oklahoma City Thunder,22007,0
Oklahoma City Thunder,22008,0
Oklahoma City Thunder,22009,1
Oklahoma City Thunder,22010,0
Oklahoma City Thunder,22011,1
Oklahoma City Thunder,22012,1
Oklahoma City Thunder,22013,1
Oklahoma City Thunder,22014,0
Oklahoma City Thunder,22015,0
Oklahoma City Thunder,22016,1
Oklahoma City Thunder,22018,1
Oklahoma City Thunder,22019,0
Oklahoma City Thunder,22020,0
Oklahoma City Thunder,22021,0
Oklahoma City Thunder,22022,0
Orlando Magic,21989,0
Orlando Magic,21990,0
Orlando Magic,21991,0
Orlando Magic,21992,0
Orlando Magic,21993,0
Orlando Magic,21994,1
Orlando Magic,21995,1
Orlando Magic,21996,0
Orlando Magic,21997,0
Orlando Magic,21998,0
Orlando Magic,21999,0
Orlando Magic,22000,0
Orlando Magic,22001,0
Orlando Magic,22002,0
Orlando Magic,22003,0
Orlando Magic,22004,0
Orlando Magic,22005,0
Orlando Magic,22006,0
Orlando Magic,22007,1
Orlando Magic,22008,1
Orlando Magic,22009,1
Orlando Magic,22010,1
Orlando Magic,22011,1
Orlando Magic,22012,0
Orlando Magic,22013,0
Orlando Magic,22014,0
Orlando Magic,22015,0
Orlando Magic,22016,0
Orlando Magic,22018,0
Orlando Magic,22019,0
Orlando Magic,22020,0
Orlando Magic,22021,0
Orlando Magic,22022,0
Philadelphia 76ers,21989,1
Philadelphia 76ers,21990,0
Philadelphia 76ers,21991,0
Philadelphia 76ers,21992,0
Philadelphia 76ers,21993,0
Philadelphia 76ers,21994,0
Philadelphia 76ers,21995,0
Philadelphia 76ers,21996,0
Philadelphia 76ers,21997,0
Philadelphia 76ers,21998,1
Philadelphia 76ers,21999,0
Philadelphia 76ers,22000,1
Philadelphia 76ers,22001,1
Philadelphia 76ers,22002,1
Philadelphia 76ers,22003,0
Philadelphia 76ers,22004,0
Philadelphia 76ers,22005,0
Philadelphia 76ers,22006,0
Philadelphia 76ers,22007,0
Philadelphia 76ers,22008,0
Philadelphia 76ers,22009,0
Philadelphia 76ers,22010,1
Philadelphia 76ers,22011,0
Philadelphia 76ers,22012,0
Philadelphia 76ers,22013,0
Philadelphia 76ers,22014,0
Philadelphia 76ers,22015,0
Philadelphia 76ers,22016,0
Philadelphia 76ers,22018,1
Philadelphia 76ers,22019,1
Philadelphia 76ers,22020,3
Philadelphia 76ers,22021,1
Philadelphia 76ers,22022,0
Philadelphia Warriors,21989,0
Philadelphia Warriors,21990,0
Philadelphia Warriors,21991,0
Philadelphia Warriors,21992,0
Philadelphia Warriors,21993,0
Philadelphia Warriors,21994,0
Philadelphia Warriors,21995,0
Philadelphia Warriors,21996,0
Philadelphia Warriors,21997,0
Philadelphia Warriors,21998,0
Philadelphia Warriors,21999,0
Philadelphia Warriors,22000,0
Philadelphia Warriors,22001,0
Philadelphia Warriors,22002,0
Philadelphia Warriors,22003,0
Philadelphia Warriors,22004,0
Philadelphia Warriors,22005,0
Philadelphia Warriors,22006,0
Philadelphia Warriors,22007,0
Philadelphia Warriors,22008,0
Philadelphia Warriors,22009,0
Philadelphia Warriors,22010,0
Philadelphia Warriors,22011,0
Philadelphia Warriors,22012,0
Philadelphia Warriors,22013,0
Philadelphia Warriors,22014,0
Philadelphia Warriors,22015,0
Philadelphia Warriors,22016,0
Philadelphia Warriors,22018,0
Philadelphia Warriors,22019,0
Philadelphia Warriors,22020,0
Philadelphia Warriors,22021,0
Philadelphia Warriors,22022,0
Phoenix Suns,21989,0
Phoenix Suns,21990,1
Phoenix Suns,21991,0
Phoenix Suns,21992,1
Phoenix Suns,21993,0
Phoenix Suns,21994,0
Phoenix Suns,21995,0
Phoenix Suns,21996,0
Phoenix Suns,21997,0
Phoenix Suns,21998,1
Phoenix Suns,21999,2
Phoenix Suns,22000,1
Phoenix Suns,22001,0
Phoenix Suns,22002,0
Phoenix Suns,22003,0
Phoenix Suns,22004,0
Phoenix Suns,22005,0
Phoenix Suns,22006,1
Phoenix Suns,22007,1
Phoenix Suns,22008,0
Phoenix Suns,22009,0
Phoenix Suns,22010,0
Phoenix Suns,22011,0
Phoenix Suns,22012,0
Phoenix Suns,22013,0
Phoenix Suns,22014,0
Phoenix Suns,22015,0
Phoenix Suns,22016,0
Phoenix Suns,22018,0
Phoenix Suns,22019,0
Phoenix Suns,22020,0
Phoenix Suns,22021,1
Phoenix Suns,22022,0
Pittsburgh Ironmen,21989,0
Pittsburgh Ironmen,21990,0
Pittsburgh Ironmen,21991,0
Pittsburgh Ironmen,21992,0
Pittsburgh Ironmen,21993,0
Pittsburgh Ironmen,21994,0
Pittsburgh Ironmen,21995,0
Pittsburgh Ironmen,21996,0
Pittsburgh Ironmen,21997,0
Pittsburgh Ironmen,21998,0
Pittsburgh Ironmen,21999,0
Pittsburgh Ironmen,22000,0
Pittsburgh Ironmen,22001,0
Pittsburgh Ironmen,22002,0
Pittsburgh Ironmen,22003,0
Pittsburgh Ironmen,22004,0
Pittsburgh Ironmen,22005,0
Pittsburgh Ironmen,22006,0
Pittsburgh Ironmen,22007,0
Pittsburgh Ironmen,22008,0
Pittsburgh Ironmen,22009,0
Pittsburgh Ironmen,22010,0
Pittsburgh Ironmen,22011,0
Pittsburgh Ironmen,22012,0
Pittsburgh Ironmen,22013,0
Pittsburgh Ironmen,22014,0
Pittsburgh Ironmen,22015,0
Pittsburgh Ironmen,22016,0
Pittsburgh Ironmen,22018,0
Pittsburgh Ironmen,22019,0
Pittsburgh Ironmen,22020,0
Pittsburgh Ironmen,22021,0
Pittsburgh Ironmen,22022,0
Portland Trail Blazers,21989,1
Portland Trail Blazers,21990,1
Portland Trail Blazers,21991,1
Portland Trail Blazers,21992,0
Portland Trail Blazers,21993,0
Portland Trail Blazers,21994,0
Portland Trail Blazers,21995,0
Portland Trail Blazers,21996,0
Portland Trail Blazers,21997,0
Portland Trail Blazers,21998,0
Portland Trail Blazers,21999,1
Portland Trail Blazers,22000,0
Portland Trail Blazers,22001,0
Portland Trail Blazers,22002,0
Portland Trail Blazers,22003,1
Portland Trail Blazers,22004,0
Portland Trail Blazers,22005,0
Portland Trail Blazers,22006,0
Portland Trail Blazers,22007,0
Portland Trail Blazers,22008,0
Portland Trail Blazers,22009,0
Portland Trail Blazers,22010,0
Portland Trail Blazers,22011,0
Portland Trail Blazers,22012,0
Portland Trail Blazers,22013,0
Portland Trail Blazers,22014,0
Portland Trail Blazers,22015,0
Portland Trail Blazers,22016,0
Portland Trail Blazers,22018,0
Portland Trail Blazers,22019,0
Portland Trail Blazers,22020,0
Portland Trail Blazers,22021,0
Portland Trail Blazers,22022,0
Providence Steamrollers,21989,0
Providence Steamrollers,21990,0
Providence Steamrollers,21991,0
Providence Steamrollers,21992,0
Providence Steamrollers,21993,0
Providence Steamrollers,21994,0
Providence Steamrollers,21995,0
Providence Steamrollers,21996,0
Providence Steamrollers,21997,0
Providence Steamrollers,21998,0
Providence Steamrollers,21999,0
Providence Steamrollers,22000,0
Providence Steamrollers,22001,0
Providence Steamrollers,22002,0
Providence Steamrollers,22003,0
Providence Steamrollers,22004,0
Providence Steamrollers,22005,0
Providence Steamrollers,22006,0
Providence Steamrollers,22007,0
Providence Steamrollers,22008,0
Providence Steamrollers,22009,0
Providence Steamrollers,22010,0
Providence Steamrollers,22011,0
Providence Steamrollers,22012,0
Providence Steamrollers,22013,0
Providence Steamrollers,22014,0
Providence Steamrollers,22015,0
Providence Steamrollers,22016,0
Providence Steamrollers,22018,0
Providence Steamrollers,22019,0
Providence Steamrollers,22020,0
Providence Steamrollers,22021,0
Providence Steamrollers,22022,0
Rochester Royals,21989,0
Rochester Royals,21990,0
Rochester Royals,21991,0
Rochester Royals,21992,0
Rochester Royals,21993,0
Rochester Royals,21994,0
Rochester Royals,21995,0
Rochester Royals,21996,0
Rochester Royals,21997,0
Rochester Royals,21998,0
Rochester Royals,21999,0
Rochester Royals,22000,0
Rochester Royals,22001,0
Rochester Royals,22002,0
Rochester Royals,22003,0
Rochester Royals,22004,0
Rochester Royals,22005,0
Rochester Royals,22006,0
Rochester Royals,22007,0
Rochester Royals,22008,0
Rochester Royals,22009,0
Rochester Royals,22010,0
Rochester Royals,22011,0
Rochester Royals,22012,0
Rochester Royals,22013,0
Rochester Royals,22014,0
Rochester Royals,22015,0
Rochester Royals,22016,0
Rochester Royals,22018,0
Rochester Royals,22019,0
Rochester Royals,22020,0
Rochester Royals,22021,0
Rochester Royals,22022,0
Sacramento Kings,21989,0
Sacramento Kings,21990,0
Sacramento Kings,21991,0
Sacramento Kings,21992,0
Sacramento Kings,21993,0
Sacramento Kings,21994,0
Sacramento Kings,21995,0
Sacramento Kings,21996,0
Sacramento Kings,21997,0
Sacramento Kings,21998,0
Sacramento Kings,21999,0
Sacramento Kings,22000,1
Sacramento Kings,22001,1
Sacramento Kings,22002,1
Sacramento Kings,22003,1
Sacramento Kings,22004,0
Sacramento Kings,22005,1
Sacramento Kings,22006,0
Sacramento Kings,22007,0
Sacramento Kings,22008,0
Sacramento Kings,22009,0
Sacramento Kings,22010,0
Sacramento Kings,22011,0
Sacramento Kings,22012,0
Sacramento Kings,22013,0
Sacramento Kings,22014,0
Sacramento Kings,22015,0
Sacramento Kings,22016,0
Sacramento Kings,22018,0
Sacramento Kings,22019,0
Sacramento Kings,22020,0
Sacramento Kings,22021,0
Sacramento Kings,22022,0
San Antonio Spurs,21989,1
San Antonio Spurs,21990,1
San Antonio Spurs,21991,1
San Antonio Spurs,21992,1
San Antonio Spurs,21993,2
San Antonio Spurs,21994,2
San Antonio Spurs,21995,1
San Antonio Spurs,21996,0
San Antonio Spurs,21997,2
San Antonio Spurs,21998,1
San Antonio Spurs,21999,1
San Antonio Spurs,22000,1
San Antonio Spurs,22001,2
San Antonio Spurs,22002,2
San Antonio Spurs,22003,2
San Antonio Spurs,22004,2
San Antonio Spurs,22005,2
San Antonio Spurs,22006,2
San Antonio Spurs,22007,2
San Antonio Spurs,22008,1
San Antonio Spurs,22009,1
San Antonio Spurs,22010,0
San Antonio Spurs,22011,0
San Antonio Spurs,22012,1
San Antonio Spurs,22013,1
San Antonio Spurs,22014,2
San Antonio Spurs,22015,1
San Antonio Spurs,22016,2
San Antonio Spurs,22018,0
San Antonio Spurs,22019,0
San Antonio Spurs,22020,0
San Antonio Spurs,22021,0
San Antonio Spurs,22022,0
San Diego Clippers,21989,0
San Diego Clippers,21990,0
San Diego Clippers,21991,0
San Diego Clippers,21992,0
San Diego Clippers,21993,0
San Diego Clippers,21994,0
San Diego Clippers,21995,0
San Diego Clippers,21996,0
San Diego Clippers,21997,0
San Diego Clippers,21998,0
San Diego Clippers,21999,0
San Diego Clippers,22000,0
San Diego Clippers,22001,0
San Diego Clippers,22002,0
San Diego Clippers,22003,0
San Diego Clippers,22004,0
San Diego Clippers,22005,0
San Diego Clippers,22006,0
San Diego Clippers,22007,0
San Diego Clippers,22008,0
San Diego Clippers,22009,0
San Diego Clippers,22010,0
San Diego Clippers,22011,0
San Diego Clippers,22012,0
San Diego Clippers,22013,0
San Diego Clippers,22014,0
San Diego Clippers,22015,0
San Diego Clippers,22016,0
San Diego Clippers,22018,0
San Diego Clippers,22019,0
San Diego Clippers,22020,0
San Diego Clippers,22021,0
San Diego Clippers,22022,0
San Diego Rockets,21989,0
San Diego Rockets,21990,0
San Diego Rockets,21991,0
San Diego Rockets,21992,0
San Diego Rockets,21993,0
San Diego Rockets,21994,0
San Diego Rockets,21995,0
San Diego Rockets,21996,0
San Diego Rockets,21997,0
San Diego Rockets,21998,0
San Diego Rockets,21999,0
San Diego Rockets,22000,0
San Diego Rockets,22001,0
San Diego Rockets,22002,0
San Diego Rockets,22003,0
San Diego Rockets,22004,0
San Diego Rockets,22005,0
San Diego Rockets,22006,0
San Diego Rockets,22007,0
San Diego Rockets,22008,0
San Diego Rockets,22009,0
San Diego Rockets,22010,0
San Diego Rockets,22011,0
San Diego Rockets,22012,0
San Diego Rockets,22013,0
San Diego Rockets,22014,0
San Diego Rockets,22015,0
San Diego Rockets,22016,0
San Diego Rockets,22018,0
San Diego Rockets,22019,0
San Diego Rockets,22020,0
San Diego Rockets,22021,0
San Diego Rockets,22022,0
San Francisco Warriors,21989,0
San Francisco Warriors,21990,0
San Francisco Warriors,21991,0
San Francisco Warriors,21992,0
San Francisco Warriors,21993,0
San Francisco Warriors,21994,0
San Francisco Warriors,21995,0
San Francisco Warriors,21996,0
San Francisco Warriors,21997,0
San Francisco Warriors,21998,0
San Francisco Warriors,21999,0
San Francisco Warriors,22000,0
San Francisco Warriors,22001,0
San Francisco Warriors,22002,0
San Francisco Warriors,22003,0
San Francisco Warriors,22004,0
San Francisco Warriors,22005,0
San Francisco Warriors,22006,0
San Francisco Warriors,22007,0
San Francisco Warriors,22008,0
San Francisco Warriors,22009,0
San Francisco Warriors,22010,0
San Francisco Warriors,22011,0
San Francisco Warriors,22012,0
San Francisco Warriors,22013,0
San Francisco Warriors,22014,0
San Francisco Warriors,22015,0
San Francisco Warriors,22016,0
San Francisco Warriors,22018,0
San Francisco Warriors,22019,0
San Francisco Warriors,22020,0
San Francisco Warriors,22021,0
San Francisco Warriors,22022,0
Seattle SuperSonics,21989,0
Seattle SuperSonics,21990,0
Seattle SuperSonics,21991,0
Seattle SuperSonics,21992,0
Seattle SuperSonics,21993,2
Seattle SuperSonics,21994,2
Seattle SuperSonics,21995,1
Seattle SuperSonics,21996,1
Seattle SuperSonics,21997,1
Seattle SuperSonics,21998,1
Seattle SuperSonics,21999,1
Seattle SuperSonics,22000,1
Seattle SuperSonics,22001,1
Seattle SuperSonics,22002,0
Seattle SuperSonics,22003,0
Seattle SuperSonics,22004,0
Seattle SuperSonics,22005,0
Seattle SuperSonics,22006,0
Seattle SuperSonics,22007,0
Seattle SuperSonics,22008,0
Seattle SuperSonics,22009,0
Seattle SuperSonics,22010,0
Seattle SuperSonics,22011,0
Seattle SuperSonics,22012,0
Seattle SuperSonics,22013,0
Seattle SuperSonics,22014,0
Seattle SuperSonics,22015,0
Seattle SuperSonics,22016,0
Seattle SuperSonics,22018,0
Seattle SuperSonics,22019,0
Seattle SuperSonics,22020,0
Seattle SuperSonics,22021,0
Seattle SuperSonics,22022,0
Sheboygan Redskins,21989,0
Sheboygan Redskins,21990,0
Sheboygan Redskins,21991,0
Sheboygan Redskins,21992,0
Sheboygan Redskins,21993,0
Sheboygan Redskins,21994,0
Sheboygan Redskins,21995,0
Sheboygan Redskins,21996,0
Sheboygan Redskins,21997,0
Sheboygan Redskins,21998,0
Sheboygan Redskins,21999,0
Sheboygan Redskins,22000,0
Sheboygan Redskins,22001,0
Sheboygan Redskins,22002,0
Sheboygan Redskins,22003,0
Sheboygan Redskins,22004,0
Sheboygan Redskins,22005,0
Sheboygan Redskins,22006,0
Sheboygan Redskins,22007,0
Sheboygan Redskins,22008,0
Sheboygan Redskins,22009,0
Sheboygan Redskins,22010,0
Sheboygan Redskins,22011,0
Sheboygan Redskins,22012,0
Sheboygan Redskins,22013,0
Sheboygan Redskins,22014,0
Sheboygan Redskins,22015,0
Sheboygan Redskins,22016,0
Sheboygan Redskins,22018,0
Sheboygan Redskins,22019,0
Sheboygan Redskins,22020,0
Sheboygan Redskins,22021,0
Sheboygan Redskins,22022,0
St. Louis Bombers,21989,0
St. Louis Bombers,21990,0
St. Louis Bombers,21991,0
St. Louis Bombers,21992,0
St. Louis Bombers,21993,0
St. Louis Bombers,21994,0
St. Louis Bombers,21995,0
St. Louis Bombers,21996,0
St. Louis Bombers,21997,0
St. Louis Bombers,21998,0
St. Louis Bombers,21999,0
St. Louis Bombers,22000,0
St. Louis Bombers,22001,0
St. Louis Bombers,22002,0
St. Louis Bombers,22003,0
St. Louis Bombers,22004,0
St. Louis Bombers,22005,0
St. Louis Bombers,22006,0
St. Louis Bombers,22007,0
St. Louis Bombers,22008,0
St. Louis Bombers,22009,0
St. Louis Bombers,22010,0
St. Louis Bombers,22011,0
St. Louis Bombers,22012,0
St. Louis Bombers,22013,0
St. Louis Bombers,22014,0
St. Louis Bombers,22015,0
St. Louis Bombers,22016,0
St. Louis Bombers,22018,0
St. Louis Bombers,22019,0
St. Louis Bombers,22020,0
St. Louis Bombers,22021,0
St. Louis Bombers,22022,0
St. Louis Hawks,21989,0
St. Louis Hawks,21990,0
St. Louis Hawks,21991,0
St. Louis Hawks,21992,0
St. Louis Hawks,21993,0
St. Louis Hawks,21994,0
St. Louis Hawks,21995,0
St. Louis Hawks,21996,0
St. Louis Hawks,21997,0
St. Louis Hawks,21998,0
St. Louis Hawks,21999,0
St. Louis Hawks,22000,0
St. Louis Hawks,22001,0
St. Louis Hawks,22002,0
St. Louis Hawks,22003,0
St. Louis Hawks,22004,0
St. Louis Hawks,22005,0
St. Louis Hawks,22006,0
St. Louis Hawks,22007,0
St. Louis Hawks,22008,0
St. Louis Hawks,22009,0
St. Louis Hawks,22010,0
St. Louis Hawks,22011,0
St. Louis Hawks,22012,0
St. Louis Hawks,22013,0
St. Louis Hawks,22014,0
St. Louis Hawks,22015,0
St. Louis Hawks,22016,0
St. Louis Hawks,22018,0
St. Louis Hawks,22019,0
St. Louis Hawks,22020,0
St. Louis Hawks,22021,0
St. Louis Hawks,22022,0
Syracuse Nationals,21989,0
Syracuse Nationals,21990,0
Syracuse Nationals,21991,0
Syracuse Nationals,21992,0
Syracuse Nationals,21993,0
Syracuse Nationals,21994,0
Syracuse Nationals,21995,0
Syracuse Nationals,21996,0
Syracuse Nationals,21997,0
Syracuse Nationals,21998,0
Syracuse Nationals,21999,0
Syracuse Nationals,22000,0
Syracuse Nationals,22001,0
Syracuse Nationals,22002,0
Syracuse Nationals,22003,0
Syracuse Nationals,22004,0
Syracuse Nationals,22005,0
Syracuse Nationals,22006,0
Syracuse Nationals,22007,0
Syracuse Nationals,22008,0
Syracuse Nationals,22009,0
Syracuse Nationals,22010,0
Syracuse Nationals,22011,0
Syracuse Nationals,22012,0
Syracuse Nationals,22013,0
Syracuse Nationals,22014,0
Syracuse Nationals,22015,0
Syracuse Nationals,22016,0
Syracuse Nationals,22018,0
Syracuse Nationals,22019,0
Syracuse Nationals,22020,0
Syracuse Nationals,22021,0
Syracuse Nationals,22022,0
Toronto Huskies,21989,0
Toronto Huskies,21990,0
Toronto Huskies,21991,0
Toronto Huskies,21992,0
Toronto Huskies,21993,0
Toronto Huskies,21994,0
Toronto Huskies,21995,0
Toronto Huskies,21996,0
Toronto Huskies,21997,0
Toronto Huskies,21998,0
Toronto Huskies,21999,0
Toronto Huskies,22000,0
Toronto Huskies,22001,0
Toronto Huskies,22002,0
Toronto Huskies,22003,0
Toronto Huskies,22004,0
Toronto Huskies,22005,0
Toronto Huskies,22006,0
Toronto Huskies,22007,0
Toronto Huskies,22008,0
Toronto Huskies,22009,0
Toronto Huskies,22010,0
Toronto Huskies,22011,0
Toronto Huskies,22012,0
Toronto Huskies,22013,0
Toronto Huskies,22014,0
Toronto Huskies,22015,0
Toronto Huskies,22016,0
Toronto Huskies,22018,0
Toronto Huskies,22019,0
Toronto Huskies,22020,0
Toronto Huskies,22021,0
Toronto Huskies,22022,0
Toronto Raptors,21989,0
Toronto Raptors,21990,0
Toronto Raptors,21991,0
Toronto Raptors,21992,0
Toronto Raptors,21993,0
Toronto Raptors,21994,0
Toronto Raptors,21995,0
Toronto Raptors,21996,0
Toronto Raptors,21997,0
Toronto Raptors,21998,0
Toronto Raptors,21999,0
Toronto Raptors,22000,0
Toronto Raptors,22001,0
Toronto Raptors,22002,0
Toronto Raptors,22003,0
Toronto Raptors,22004,0
Toronto Raptors,22005,0
Toronto Raptors,22006,0
Toronto Raptors,22007,0
Toronto Raptors,22008,0
Toronto Raptors,22009,0
Toronto Raptors,22010,0
Toronto Raptors,22011,0
Toronto Raptors,22012,0
Toronto Raptors,22013,0
Toronto Raptors,22014,0
Toronto Raptors,22015,0
Toronto Raptors,22016,0
Toronto Raptors,22018,1
Toronto Raptors,22019,0
Toronto Raptors,22020,0
Toronto Raptors,22021,0
Toronto Raptors,22022,1
Tri-Cities Blackhawks,21989,0
Tri-Cities Blackhawks,21990,0
Tri-Cities Blackhawks,21991,0
Tri-Cities Blackhawks,21992,0
Tri-Cities Blackhawks,21993,0
Tri-Cities Blackhawks,21994,0
Tri-Cities Blackhawks,21995,0
Tri-Cities Blackhawks,21996,0
Tri-Cities Blackhawks,21997,0
Tri-Cities Blackhawks,21998,0
Tri-Cities Blackhawks,21999,0
Tri-Cities Blackhawks,22000,0
Tri-Cities Blackhawks,22001,0
Tri-Cities Blackhawks,22002,0
Tri-Cities Blackhawks,22003,0
Tri-Cities Blackhawks,22004,0
Tri-Cities Blackhawks,22005,0
Tri-Cities Blackhawks,22006,0
Tri-Cities Blackhawks,22007,0
Tri-Cities Blackhawks,22008,0
Tri-Cities Blackhawks,22009,0
Tri-Cities Blackhawks,22010,0
Tri-Cities Blackhawks,22011,0
Tri-Cities Blackhawks,22012,0
Tri-Cities Blackhawks,22013,0
Tri-Cities Blackhawks,22014,0
Tri-Cities Blackhawks,22015,0
Tri-Cities Blackhawks,22016,0
Tri-Cities Blackhawks,22018,0
Tri-Cities Blackhawks,22019,0
Tri-Cities Blackhawks,22020,0
Tri-Cities Blackhawks,22021,0
Tri-Cities Blackhawks,22022,0
Utah Jazz,21989,0
Utah Jazz,21990,1
Utah Jazz,21991,1
Utah Jazz,21992,0
Utah Jazz,21993,0
Utah Jazz,21994,1
Utah Jazz,21995,0
Utah Jazz,21996,2
Utah Jazz,21997,1
Utah Jazz,21998,1
Utah Jazz,21999,0
Utah Jazz,22000,0
Utah Jazz,22001,0
Utah Jazz,22002,0
Utah Jazz,22003,1
Utah Jazz,22004,1
Utah Jazz,22005,1
Utah Jazz,22006,0
Utah Jazz,22007,0
Utah Jazz,22008,0
Utah Jazz,22009,0
Utah Jazz,22010,0
Utah Jazz,22011,0
Utah Jazz,22012,0
Utah Jazz,22013,0
Utah Jazz,22014,0
Utah Jazz,22015,0
Utah Jazz,22016,1
Utah Jazz,22018,1
Utah Jazz,22019,1
Utah Jazz,22020,1
Utah Jazz,22021,1
Utah Jazz,22022,0
Vancouver Grizzlies,21989,0
Vancouver Grizzlies,21990,0
Vancouver Grizzlies,21991,0
Vancouver Grizzlies,21992,0
Vancouver Grizzlies,21993,0
Vancouver Grizzlies,21994,0
Vancouver Grizzlies,21995,0
Vancouver Grizzlies,21996,0
Vancouver Grizzlies,21997,0
Vancouver Grizzlies,21998,0
Vancouver Grizzlies,21999,0
Vancouver Grizzlies,22000,0
Vancouver Grizzlies,22001,0
Vancouver Grizzlies,22002,0
Vancouver Grizzlies,22003,0
Vancouver Grizzlies,22004,0
Vancouver Grizzlies,22005,0
Vancouver Grizzlies,22006,0
Vancouver Grizzlies,22007,0
Vancouver Grizzlies,22008,0
Vancouver Grizzlies,22009,0
Vancouver Grizzlies,22010,0
Vancouver Grizzlies,22011,0
Vancouver Grizzlies,22012,0
Vancouver Grizzlies,22013,0
Vancouver Grizzlies,22014,0
Vancouver Grizzlies,22015,0
Vancouver Grizzlies,22016,0
Vancouver Grizzlies,22018,0
Vancouver Grizzlies,22019,0
Vancouver Grizzlies,22020,0
Vancouver Grizzlies,22021,0
Vancouver Grizzlies,22022,0
Washington Bullets,21989,0
Washington Bullets,21990,0
Washington Bullets,21991,0
Washington Bullets,21992,0
Washington Bullets,21993,0
Washington Bullets,21994,0
Washington Bullets,21995,0
Washington Bullets,21996,0
Washington Bullets,21997,0
Washington Bullets,21998,0
Washington Bullets,21999,0
Washington Bullets,22000,0
Washington Bullets,22001,0
Washington Bullets,22002,0
Washington Bullets,22003,0
Washington Bullets,22004,0
Washington Bullets,22005,0
Washington Bullets,22006,0
Washington Bullets,22007,0
Washington Bullets,22008,0
Washington Bullets,22009,0
Washington Bullets,22010,0
Washington Bullets,22011,0
Washington Bullets,22012,0
Washington Bullets,22013,0
Washington Bullets,22014,0
Washington Bullets,22015,0
Washington Bullets,22016,0
Washington Bullets,22018,0
Washington Bullets,22019,0
Washington Bullets,22020,0
Washington Bullets,22021,0
Washington Bullets,22022,0
Washington Capitols,21989,0
Washington Capitols,21990,0
Washington Capitols,21991,0
Washington Capitols,21992,0
Washington Capitols,21993,0
Washington Capitols,21994,0
Washington Capitols,21995,0
Washington Capitols,21996,0
Washington Capitols,21997,0
Washington Capitols,21998,0
Washington Capitols,21999,0
Washington Capitols,22000,0
Washington Capitols,22001,0
Washington Capitols,22002,0
Washington Capitols,22003,0
Washington Capitols,22004,0
Washington Capitols,22005,0
Washington Capitols,22006,0
Washington Capitols,22007,0
Washington Capitols,22008,0
Washington Capitols,22009,0
Washington Capitols,22010,0
Washington Capitols,22011,0
Washington Capitols,22012,0
Washington Capitols,22013,0
Washington Capitols,22014,0
Washington Capitols,22015,0
Washington Capitols,22016,0
Washington Capitols,22018,0
Washington Capitols,22019,0
Washington Capitols,22020,0
Washington Capitols,22021,0
Washington Capitols,22022,0
Washington Wizards,21989,0
Washington Wizards,21990,0
Washington Wizards,21991,0
Washington Wizards,21992,0
Washington Wizards,21993,0
Washington Wizards,21994,0
Washington Wizards,21995,0
Washington Wizards,21996,0
Washington Wizards,21997,0
Washington Wizards,21998,0
Washington Wizards,21999,0
Washington Wizards,22000,0
Washington Wizards,22001,0
Washington Wizards,22002,0
Washington Wizards,22003,0
Washington Wizards,22004,1
Washington Wizards,22005,0
Washington Wizards,22006,0
Washington Wizards,22007,0
Washington Wizards,22008,0
Washington Wizards,22009,0
Washington Wizards,22010,0
Washington Wizards,22011,0
Washington Wizards,22012,0
Washington Wizards,22013,0
Washington Wizards,22014,1
Washington Wizards,22015,0
Washington Wizards,22016,0
Washington Wizards,22018,0
Washington Wizards,22019,0
Washington Wizards,22020,0
Washington Wizards,22021,0
Washington Wizards,22022,0
Waterloo Hawks,21989,0
Waterloo Hawks,21990,0
Waterloo Hawks,21991,0
Waterloo Hawks,21992,0
Waterloo Hawks,21993,0
Waterloo Hawks,21994,0
Waterloo Hawks,21995,0
Waterloo Hawks,21996,0
Waterloo Hawks,21997,0
Waterloo Hawks,21998,0
Waterloo Hawks,21999,0
Waterloo Hawks,22000,0
Waterloo Hawks,22001,0
Waterloo Hawks,22002,0
Waterloo Hawks,22003,0
Waterloo Hawks,22004,0
Waterloo Hawks,22005,0
Waterloo Hawks,22006,0
Waterloo Hawks,22007,0
Waterloo Hawks,22008,0
Waterloo Hawks,22009,0
Waterloo Hawks,22010,0
Waterloo Hawks,22011,0
Waterloo Hawks,22012,0
Waterloo Hawks,22013,0
Waterloo Hawks,22014,0
Waterloo Hawks,22015,0
Waterloo Hawks,22016,0
Waterloo Hawks,22018,0
Waterloo Hawks,22019,0
Waterloo Hawks,22020,0
Waterloo Hawks,22021,0
Waterloo Hawks,22022,0